date,title,url,source
2025-01-01 00:00:00,A arrogância imperial ( e suas consequências ) na Síria,https://www.brasil247.com:443/blog/a-arrogancia-imperial-e-suas-consequencias-na-siria,brasil247.com
2025-01-01 00:00:00,Σε δίλημμα η Ιταλία για τη δημοσιογράφο που συνελήφθη στο Ιράν,https://www.inewsgr.com/94/se-dilimma-i-italia-gia-ti-dimosiografo-pou-synelifthi-sto-iran.htm,inewsgr.com
2025-01-01 00:00:00,Η Παλαιστινιακή Αρχή ανέστειλε τη λειτουργία του Al Jazeera στα Παλαιστινιακά Εδάφη,https://www.in.gr/2025/01/02/world/palaistiniaki-arxi-anesteile-ti-leitourgia-tou-al-jazeera-sta-palaistiniaka-edafi/,in.gr
2025-01-01 00:00:00,El príncipe ( in ) feliz y la degradación siria,https://www.clarin.com/opinion/principe-in-feliz-degradacion-siria_0_I002jOjwQ8.html,clarin.com
2025-01-01 00:00:00,Mysterious Airfield on Gulf of Aden is Nearly Completed,https://www.maritime-executive.com/article/mysterious-strategic-airfield-on-gulf-of-aden-is-nearly-completed,maritime-executive.com
2025-01-01 00:00:00,"Chabahar , Gaza on focus as Iran , India to hold talks this week | India News",https://timesofindia.indiatimes.com/india/chabahar-gaza-on-focus-as-iran-india-to-hold-talks-this-week/articleshow/116867274.cms,timesofindia.indiatimes.com
2025-01-01 00:00:00,العام الجديد .. أسئلة مخيفة | مقالات مختارة | وكالة عمون الاخبارية,https://www.ammonnews.net/article/895109,ammonnews.net
2025-01-01 00:00:00,Jimmy Carter : Many evolutions for a centenarian  citizen of the world  | National,https://www.ncnewsonline.com/news/national/jimmy-carter-many-evolutions-for-a-centenarian-citizen-of-the-world/article_d21ca8b2-9553-59ff-a5e2-9b526f82e8e4.html,ncnewsonline.com
2025-01-01 00:00:00,بالاترین : پایان آزادراه تهران‌ــ‌‌شمال بعد از ۳۰ سال ؛ « وعده‌ای تکراری یا رویایی محال » ,https://www.balatarin.com:443/permlink/2024/12/31/6277222,balatarin.com
2025-01-01 00:00:00,Bangkok Post - Has Iran finally reached the end of the line ? ,https://www.bangkokpost.com/opinion/opinion/2931367/has-iran-finally-reached-the-end-of-the-line-,bangkokpost.com
2025-01-03 00:00:00,El Rey Mago que ya no saldrá,https://www.vozpopuli.com/opinion/el-rey-mago-que-ya-no-saldra.html,vozpopuli.com
2025-01-03 00:00:00,Shamsud - Din Jabbar Imam Said Jews Try to Control Economy,https://www.dailysignal.com/2025/01/03/imam-isis-terrorists-mosque-said-hitler-killed-jews-because-they-controlled-economy/,dailysignal.com
2025-01-03 00:00:00,"Чего добилась Россия в БРИКС в 2024 году : новый миропорядок и место в нем РФ , Китая и США",https://ura.news/articles/1036290449,ura.news
2025-01-03 00:00:00, [ Anbamed ] 1604 – 03 gennaio 2025 – Anbamed – Rassegna stampa,https://www.nuovaresistenza.org/2025/01/anbamed-1604-03-gennaio-2025-anbamed-rassegna-stampa/,nuovaresistenza.org
2025-01-03 00:00:00,"Iran executes over 1K prisoners in 2024 , most in 30 years",https://nypost.com/2025/01/03/world-news/iran-executes-over-1k-prisoners-in-2024-most-in-30-years/,nypost.com
2025-01-03 00:00:00,"Jake Sullivan , Biden discussed hitting Iran nuclear program",https://nypost.com/2025/01/03/us-news/jake-sullivan-biden-discussed-hitting-iran-nuclear-program/,nypost.com
2025-01-03 00:00:00,"Democrats rewrite history to pour praise on Jimmy Carter * WorldNetDaily * by Francis Sempa , Real Clear Wire",https://www.wnd.com/2025/01/democrats-rewrite-history-to-pour-praise-on-jimmy-carter/,wnd.com
2025-01-03 00:00:00,Iran warns Italy that bilateral ties at risk if it bows to  hostile  US demands over drone suspect,"http://www.morningsun.net/stories/iran-warns-italy-that-bilateral-ties-at-risk-if-it-bows-to-hostile-us-demands-over-drone-suspect,170046",morningsun.net
2025-01-03 00:00:00,Canberra light rail - vindicated after 30 years ? | The Canberra Times,https://www.canberratimes.com.au/story/8858226/canberra-light-rail-vindicated-after-30-years/?cs=27763,canberratimes.com.au
2025-01-03 00:00:00,Иран готов к переговорам по ядерной программе,https://news.mail.ru/politics/64323238/,news.mail.ru
2025-01-04 00:00:00,باكستان .. مقتل وإصابة العشرات بتفجير انتحاري في بلوشستان,https://www.khabaragency.net/news224479.html,khabaragency.net
2025-01-04 00:00:00,مستقبل العلاقات العربية الصينية وأثرها على الأمن الإقليمي العربي – كتابات,https://kitabat.com/%D9%85%D8%B3%D8%AA%D9%82%D8%A8%D9%84-%D8%A7%D9%84%D8%B9%D9%84%D8%A7%D9%82%D8%A7%D8%AA-%D8%A7%D9%84%D8%B9%D8%B1%D8%A8%D9%8A%D8%A9-%D8%A7%D9%84%D8%B5%D9%8A%D9%86%D9%8A%D8%A9-%D9%88%D8%A3%D8%AB%D8%B1/,kitabat.com
2025-01-04 00:00:00,Jimmy Carter : Former US president six - day state funeral starts with procession - as mourners gather for service,https://www.iwradio.co.uk/news/sky-news/jimmy-carter-former-us-presidents-six-day-state-funeral-starts-with-procession-as-mourners-gather-for-service/,iwradio.co.uk
2025-01-04 00:00:00,10 enero : varios escenarios y una apuesta por la democracia en Venezuela,https://www.diariolasamericas.com/america-latina/10-enero-varios-escenarios-y-una-apuesta-la-democracia-venezuela-n5369039,diariolasamericas.com
2025-01-04 00:00:00,Jimmy Carter deja un legado de humildad y acción humanitaria,https://www.diariolasamericas.com/eeuu/jimmy-carter-deja-un-legado-humildad-y-accion-humanitaria-n5369084,diariolasamericas.com
2025-01-04 00:00:00,Descubre la clave que podría retrasar el envejecimiento ; esto dice la ciencia,https://www.eluniversal.com.mx/tendencias/descubre-la-clave-que-podria-retrasar-el-envejecimiento-esto-dice-la-ciencia/,eluniversal.com.mx
2025-01-04 00:00:00,Η κυβέρνηση Μπάιντεν ανακοινώνει την πώληση όπλων στο Ισραήλ ύψους 8 δισ . δολαρίων,https://bankwars.gr/%CE%B7-%CE%BA%CF%85%CE%B2%CE%AD%CF%81%CE%BD%CE%B7%CF%83%CE%B7-%CE%BC%CF%80%CE%AC%CE%B9%CE%BD%CF%84%CE%B5%CE%BD-%CE%B1%CE%BD%CE%B1%CE%BA%CE%BF%CE%B9%CE%BD%CF%8E%CE%BD%CE%B5%CE%B9-%CF%84%CE%B7%CE%BD/,bankwars.gr
2025-01-04 00:00:00, ¿ Será 2025 el año del cambio para América Latina ? ,https://www.diariolasamericas.com/eeuu/sera-2025-el-ano-del-cambio-america-latina-n5369056,diariolasamericas.com
2025-01-04 00:00:00,Сборная Казахстана по футзалу может быть признана лучшей в мире,https://www.inform.kz/ru/sbornaya-kazahstana-pofutzalu-mozhet-bit-priznana-luchshey-v-mire-5f2e86,inform.kz
2025-01-04 00:00:00,Las otras Sednayas : las cárceles de la vergüenza que continúan abiertas,https://www.publico.es/internacional/sednayas-carceles-vergueenza-continuan-abiertas.html,publico.es
2025-01-05 00:00:00,NPR photos around the world that moved us in 2024,https://www.kawc.org/npr-news/2025-01-05/npr-photos-around-the-world-that-moved-us-in-2024,kawc.org
2025-01-05 00:00:00,Pope calls out nuns with  vinegar faces  ,https://www.thetimes.com/world/europe/article/pope-calls-out-nuns-with-vinegar-faces-hdgpd6xkb,thetimes.com
2025-01-05 00:00:00,El balance de 2024 : un año difícil,https://www.laprensa.com.ar/El-balance-de-2024-un-ano-dificil-554753.note.aspx,laprensa.com.ar
2025-01-05 00:00:00,Faltan seis años para el 31 de diciembre de 2030,https://www.energias-renovables.com/eolica/faltan-seis-aos-para-el-31-de-20250103,energias-renovables.com
2025-01-05 00:00:00,Россия заняла шестую строчку по среднему уровню IQ в мировом рейтинге,https://pda.kp.ru/online/news/6169138/,pda.kp.ru
2025-01-05 00:00:00,Story,http://www.bigcountry995.com/story/677ae0daa9559d933da4aa72/your-vote-counts:-jimmy-carters-legacy-oklahoma-democrats-challenges-and-state-politics-,bigcountry995.com
2025-01-05 00:00:00,La cabalgata de Reyes Magos en Barcelona reúne a 750 . 000 pequeños y mayores,https://www.europapress.tv/sociedad/937130/1/cabalgata-reyes-magos-barcelona-reune-750000-pequenos-mayores,europapress.tv
2025-01-05 00:00:00,"Thank Jimmy Carter for cheap airfare , smartphones and FedEx",https://www.dailybulletin.com/2025/01/05/thank-jimmy-carter-for-cheap-airfare-smartphones-and-fedex/,dailybulletin.com
2025-01-05 00:00:00,깜빡거리는 중년의 뇌가 더 똑똑하단다,https://www.hani.co.kr/arti/culture/book/461223.html,hani.co.kr
2025-01-05 00:00:00,"Ισραηλινές επιθέσεις στη Γάζα , αναχαίτιση πυραύλου που εκτοξεύτηκε από την Υεμένη",http://www.polispress.gr/%CE%B9%CF%83%CF%81%CE%B1%CE%B7%CE%BB%CE%B9%CE%BD%CE%AD%CF%82-%CE%B5%CF%80%CE%B9%CE%B8%CE%AD%CF%83%CE%B5%CE%B9%CF%82-%CF%83%CF%84%CE%B7-%CE%B3%CE%AC%CE%B6%CE%B1-%CE%B1%CE%BD%CE%B1%CF%87%CE%B1%CE%AF/,polispress.gr
2025-01-06 00:00:00,"Indonesia is admitted to the BRICS bloc of developing nations , Brazil announces",https://www.richmond-news.com/world-news/indonesia-is-admitted-to-the-brics-bloc-of-developing-nations-brazil-announces-10037356,richmond-news.com
2025-01-06 00:00:00,"Indonesia is admitted to the BRICS bloc of developing nations , Brazil announces",https://www.bozemandailychronicle.com/ap_news/international/indonesia-is-admitted-to-the-brics-bloc-of-developing-nations-brazil-announces/article_02c815c4-059a-5309-8b05-db43e16bd724.html,bozemandailychronicle.com
2025-01-06 00:00:00,Minefield explosion kills and injures 15 Houthis in Yemen Hodeidah,https://khabaragency.net/news224585.html,khabaragency.net
2025-01-06 00:00:00,Why we must expose the criminal fraud of those behind Biden presidency,https://nypost.com/2025/01/06/opinion/why-we-must-expose-the-criminal-fraud-of-those-behind-bidens-presidency/,nypost.com
2025-01-06 00:00:00,,http://www.israelnationalnews.com/news/401896,israelnationalnews.com
2025-01-06 00:00:00,ماكرون : لن يكون هناك حل سريع فى أوكرانيا وإيران التحدي الاستراتيجي الأكبر,https://www.alweeam.com.sa/1118109/2025/%D9%85%D8%A7%D9%83%D8%B1%D9%88%D9%86-%D9%84%D9%86-%D9%8A%D9%83%D9%88%D9%86-%D9%87%D9%86%D8%A7%D9%83-%D8%AD%D9%84-%D8%B3%D8%B1%D9%8A%D8%B9-%D9%81%D9%89-%D8%A3%D9%88%D9%83%D8%B1%D8%A7%D9%86%D9%8A%D8%A7/,alweeam.com.sa
2025-01-06 00:00:00,"Edmundo González ,  wanted ! ",https://www.elperiodico.cat/ca/internacional/20250106/edmundo-gonzalez-wanted-113168884,elperiodico.cat
2025-01-06 00:00:00,Jemeńczycy przypuścili atak na amerykański lotniskowiec,https://kresy.pl/wydarzenia/regiony/bliski-wschod/jemenczycy-przypuscili-atak-na-amerykanski-lotniskowiec/,kresy.pl
2025-01-06 00:00:00,莫少白觀點 ： 台灣應與以色列深化民主夥伴關係 在台以色列教授的觀點 - 風傳媒,https://www.storm.mg/article/5304807,storm.mg
2025-01-06 00:00:00,2025 .... نیا برس نئی امیدیں - Daily Pakistan,https://dailypakistan.pk/2025-%D9%86%DB%8C%D8%A7-%D8%A8%D8%B1%D8%B3-%D9%86%D8%A6%DB%8C-%D8%A7%D9%85%DB%8C%D8%AF%DB%8C%DA%BA/,dailypakistan.pk
2025-01-07 00:00:00,Trump says he will change the name of the Gulf of Mexico,https://www.channel3000.com/news/trump-says-he-will-change-the-name-of-the-gulf-of-mexico/article_fa25597c-325b-5d59-8c32-e8943128f7e3.html,channel3000.com
2025-01-07 00:00:00,Former President Jimmy Carter To Lie In State At The US Capitol,https://650keni.iheart.com/content/2025-01-07-former-president-jimmy-carter-to-lie-in-state-at-the-us-capitol/,650keni.iheart.com
2025-01-07 00:00:00,В Вашингтон доставлен гроб с телом 39 - го президента США Джимми Картера,https://www.svoboda.org/a/v-vashington-dostavlen-grob-s-telom-39-go-prezidenta-ssha-dzhimmi-kartera/33266623.html,svoboda.org
2025-01-07 00:00:00,Former President Jimmy Carter To Lie In State At The US Capitol,https://kfiam640.iheart.com/content/2025-01-07-former-president-jimmy-carter-to-lie-in-state-at-the-us-capitol/,kfiam640.iheart.com
2025-01-07 00:00:00,Latest Articles,https://freerepublic.com/tag/*/index?more=4288647,freerepublic.com
2025-01-07 00:00:00,Habervitrini . com | Bakan Fidan Erdoğan ın Suriye talimatını açıkladı,https://www.habervitrini.com/bakan-fidan-erdogan-in-suriye-talimatini-acikladi/1134372,habervitrini.com
2025-01-07 00:00:00,Former US president Jimmy Carter coffin arrives in Washington,https://www.swindonadvertiser.co.uk/news/national/24840691.former-us-president-jimmy-carters-coffin-arrives-washington/,swindonadvertiser.co.uk
2025-01-07 00:00:00,War & Starvation in Sudan For A New Revolutionary Movement,https://www.socialistalternative.org/2025/01/07/war-and-starvation-in-sudan/,socialistalternative.org
2025-01-07 00:00:00,جريدة البلاد | اللغة العربية بين الحضور العالمي والمستقبل المأمول,https://www.albiladpress.com/news/2025/5930/columns/896271.html,albiladpress.com
2025-01-07 00:00:00,Former US president Jimmy Carter coffin arrives in Washington | Harwich and Manningtree Standard,https://www.harwichandmanningtreestandard.co.uk/news/national/24840691.former-us-president-jimmy-carters-coffin-arrives-washington/,harwichandmanningtreestandard.co.uk
2025-01-11 00:00:00,حركة فتح : الجهود المصرية باتت ضاغطة أكثر على إسرائيل لإتمام صفقة الأسرى,https://www.vetogate.com/5324546,vetogate.com
2025-01-11 00:00:00,بو عاصي للسفير الايراني : لن تكون مفوضا ساميا علينا,https://cedarnews.net/folders/lebanon/805239/%D8%A8%D9%88-%D8%B9%D8%A7%D8%B5%D9%8A/,cedarnews.net
2025-01-11 00:00:00,Келлог закликав максимально тиснути на Іран,https://ua.korrespondent.net/world/4746970-kelloh-zaklykav-maksymalno-tysnuty-na-iran,ua.korrespondent.net
2025-01-11 00:00:00,Ýran Kýzýlaydan ABDye yardým teklifi,https://www.yenimesaj.com.tr/iran-kizilaydan-abdye-yardim-teklifi-H1554301.htm,yenimesaj.com.tr
2025-01-11 00:00:00,Can Muslims In The West Get Rid Of Hegemonic Ideology ? ,https://voiceofvienna.org/2025/01/can-muslims-in-the-west-get-rid-of-hegemonic-ideology/,voiceofvienna.org
2025-01-11 00:00:00,כל העדכונים מהיום ה - 463 למלחמה,https://www.ynet.co.il/news/blogs/article/s1zasjjd1x,ynet.co.il
2025-01-11 00:00:00,Фатах : Нећемо дозволити Хамасу да жртвује интересе палестинског народа,https://www.politika.rs/scc/clanak/654451/fatah-necemo-dozvoliti-hamasu-da-zrtvuje-interese-palestinskog-naroda,politika.rs
2025-01-11 00:00:00,Australia National – Arabic Newspaper – Al - Furat Newspaper | Archive,http://furatnews.com/furatnews/category/%D8%A3%D8%AE%D8%A8%D8%A7%D8%B1-%D8%AF%D9%88%D9%84%D9%8A%D8%A9/,furatnews.com
2025-01-11 00:00:00,Как Израиль собирается уничтожить Суэцкий канал,https://www.zavtra.ru/blogs/pochemu_izrail_gotovit_ubijstvo_suetckogo_kanala,zavtra.ru
2025-01-11 00:00:00,Trump brings back Iran sanctions after exiting nuclear deal,https://www.defensenews.com/global/2018/08/06/trump-brings-back-iran-sanctions-after-exiting-nuclear-deal/,defensenews.com
2025-01-14 00:00:00,Tunnels used by Iran - backed groups in eastern Syria exposed,https://www.dailysabah.com/world/syrian-crisis/tunnels-used-by-iran-backed-groups-in-eastern-syria-exposed,dailysabah.com
2025-01-14 00:00:00,Latest Articles,https://freerepublic.com/tag/*/index?more=4290149,freerepublic.com
2025-01-14 00:00:00,"Al - Waleed bin Talal announces Four Seasons to reopen in Beirut , Lebanon",https://www.al-monitor.com/originals/2025/01/al-waleed-bin-talal-announces-four-seasons-reopen-beirut-lebanon,al-monitor.com
2025-01-14 00:00:00,Une entreprise TOTALement françafricaine - Afriques en Lutte,https://www.afriquesenlutte.org/communiques-luttes-et-debats/livres-etudes-debats/article/une-entreprise-totalement,afriquesenlutte.org
2025-01-14 00:00:00,Maha Kumbh 2025 : Millions Gather for Sacred Makar Sankranti,https://www.newkerala.com/news/o/massive-turnout-maha-kumbh-makar-sankranti-foreign-devotees-praise-558,newkerala.com
2025-01-14 00:00:00,إب .. احتجاج طلابي ينتهي باعتقال عشرات الأطفال في العدين بعد تعيين مدير محسوب على الحوثيين,https://www.khabaragency.net/news225017.html,khabaragency.net
2025-01-14 00:00:00,"Marco Antonio Solís en concierto : Precio de boletos , fecha de preventa y cuándo son en México",https://www.elarsenal.net/?p=1198655,elarsenal.net
2025-01-14 00:00:00,Biden retire Cuba de la liste noire des États soutenant le terrorisme,https://www.journaldemontreal.com/2025/01/14/biden-retire-cuba-de-la-liste-noire-des-etats-soutenant-le-terrorisme,journaldemontreal.com
2025-01-14 00:00:00,Κούβα : Εκτός μαύρης λίστας που υποστηρίζει την τρομοκρατία,https://www.inewsgr.com/332/kouva-ektos-mavris-listas-pou-ypostirizei-tin-tromokratia.htm,inewsgr.com
2025-01-14 00:00:00,Gaza ceasefire : Is the Trump factor at play ? ,https://www.itv.com/news/2025-01-14/gaza-ceasefire-is-the-trump-factor-at-play,itv.com
2025-01-15 00:00:00,Former Texas congressman vows to keep politics out of CIA as director,https://www.oaoa.com/local-news/former-texas-congressman-vows-to-keep-politics-out-of-cia-as-director/,oaoa.com
2025-01-15 00:00:00,Lebanon President Appoints International Court of Justice Judge Nawaf Salam as PM,https://www.frontpagemag.com/lebanon-new-president-appoints-icj-judge-nawaf-salam-as-prime-minister/,frontpagemag.com
2025-01-15 00:00:00,Are Muslim Rape Gangs Really  Asian ? ,https://www.frontpagemag.com/are-muslim-rape-gangs-really-asian/,frontpagemag.com
2025-01-15 00:00:00,Mediators herald Gaza ceasefire and hostage deal . Israel says final details are in flux | iNFOnews,https://infotel.ca/newsitem/ml-mideast-wars/cp684233254,infotel.ca
2025-01-15 00:00:00,Head of US cybersecurity agency says she hopes it keeps up election work under Trump,https://www.local10.com/news/politics/2025/01/15/head-of-us-cybersecurity-agency-says-she-hopes-it-keeps-up-election-work-under-trump/,local10.com
2025-01-15 00:00:00,Humanitarian aid  priority  as Gaza ceasefire welcomed,https://www.wellingtontimes.com.au/story/8867718/humanitarian-aid-priority-as-gaza-ceasefire-welcomed/?cs=9676,wellingtontimes.com.au
2025-01-15 00:00:00,Pronostican lluvias que traerán alivio parcial y calor extremo para el área agrícola,https://tn.com.ar/campo/2025/01/15/pronostican-lluvias-que-traeran-alivio-parcial-y-calor-extremo-para-el-area-agricola/,tn.com.ar
2025-01-15 00:00:00,"What does the ceasefire agreement mean for Israel , Hamas and the wider Middle East ? ",https://www.ksat.com/news/world/2025/01/15/what-does-the-ceasefire-agreement-mean-for-israel-hamas-and-the-wider-middle-east/,ksat.com
2025-01-15 00:00:00,Early - Year Strength In Oil Markets Likely To Continue,https://oilprice.com/Energy/Crude-Oil/Early-Year-Strength-In-Oil-Markets-Likely-To-Continue.html,oilprice.com
2025-01-15 00:00:00,Gaza Ceasefire : What Trump - Biden Fight Over Credit Ignores,https://www.yahoo.com/news/gaza-ceasefire-trump-biden-fight-231741627.html,yahoo.com
2025-01-17 00:00:00,"Navy To Simplify Drone Ship Plans , Focus On Containerized Payloads That Look Alike",https://www.yahoo.com/news/navy-simplify-drone-ship-plans-230524779.html,yahoo.com
2025-01-17 00:00:00,Former CIA analyst pleads guilty to leaking Israeli retaliation plans,https://www.wlip.com/syndicated-article/?id=1602185,wlip.com
2025-01-17 00:00:00,Washington proxies attack TurkStream while Trump takes credit for ceasefire,https://www.sott.net/article/497305-Washingtons-proxies-attack-TurkStream-while-Trump-takes-credit-for-ceasefire,sott.net
2025-01-17 00:00:00,Συρία : Οι Ιρανοί και οι Ισραηλινοί απαγορεύεται να εισέλθουν στη χώρα ( πηγή του αεροδρομίου,https://athina984.gr/2025/01/18/syria-oi-iranoi-kai-oi-israilinoi-apagoreyetai-na-eiselthoyn-sti-chora-pigi-toy-aerodromioy/,athina984.gr
2025-01-17 00:00:00,Δελτίο ειδήσεων στις 22 : 00,https://athina984.gr/2025/01/17/deltio-eidiseon-stis-22-00-1547/,athina984.gr
2025-01-17 00:00:00,Olieprijs daalt richting het weekend,https://www.beursduivel.be/Nieuws/811825/Olieprijs-daalt-richting-het-weekend.aspx,beursduivel.be
2025-01-17 00:00:00,Former CIA analyst pleads guilty to leaking Israeli retaliation plans,https://www.1073modfm.com/syndicated-article/?id=1602185,1073modfm.com
2025-01-17 00:00:00,Δελτίο ειδήσεων στις 24 : 00,https://athina984.gr/2025/01/18/deltio-eidiseon-stis-24-00-1317/,athina984.gr
2025-01-17 00:00:00,La secretaria de Seguridad Nacional designada por Trump afirma que suspenderá CBP One  el primer día  de su gestión,https://diariodecuba.com/internacional/1737156106_59433.html,diariodecuba.com
2025-01-17 00:00:00,Erdoğan Trump  ın  dostu  olarak kalacak mı ? ,"https://t24.com.tr/haber/erdogan-trump-in-dostu-olarak-kalacak-mi,1211199",t24.com.tr
2025-02-05 00:00:00,Trump unleashes a supercharged MAGA agenda and Republicans come aboard,https://www.wdbo.com/news/politics/trump-unleashes/3M7GZVIM4VDGNHOCVKWXRI7HJM/,wdbo.com
2025-02-05 00:00:00,"Trump to put maximum pressure on Iran , revelation doesnt driving up the price of oil",https://www.americanthinker.com/blog/2025/02/trump_to_put_maximum_pressure_on_iran_revelation_doesn_t_driving_up_the_price_of_oil.html,americanthinker.com
2025-02-05 00:00:00,"Trump unleashes a supercharged MAGA agenda , Republicans come aboard",https://www.whittierdailynews.com/2025/02/05/trump-gop-acquiescence/,whittierdailynews.com
2025-02-05 00:00:00,ТАСС,http://special.tass.ru/proisshestviya/23065555,special.tass.ru
2025-02-05 00:00:00,Democratic senators protest after they say Trump gives Musk staff access to classified info,https://www.standardspeaker.com/2025/02/05/trump-musk-security-concerns/,standardspeaker.com
2025-02-05 00:00:00,"Guerra Israele - Libano e Medio Oriente , le news di oggi 6 febbraio",https://www.lastampa.it/esteri/2025/02/06/diretta/guerra_israele_libano_hamas_medio_oriente_oggi-14985687/,lastampa.it
2025-02-05 00:00:00,Trump : US will  take over  Gaza,https://kvia.com/news/us-world/2025/02/05/trump-says-us-will-take-over-gaza-strip-and-doesnt-rule-out-using-american-troops/,kvia.com
2025-02-05 00:00:00,"Iran Update , February 5 , 2025 | Institute for the Study of War",https://www.understandingwar.org/backgrounder/iran-update-february-5-2025,understandingwar.org
2025-02-05 00:00:00,Crédito Infonavit en efectivo : Paso a paso cómo conseguirlo,https://www.sdpnoticias.com/negocios/credito-infonavit-en-efectivo-paso-a-paso-como-conseguirlo/,sdpnoticias.com
2025-02-05 00:00:00,North Korea Nuclear Timeline Fast Facts,https://kvia.com/news/us-world/cnn-world/2025/02/05/north-korea-nuclear-timeline-fast-facts-2/,kvia.com
2025-03-16 00:00:00,"Gli Houthi rispondono agli united states ,  missili sulla Truman  ",https://www.laregione.ch/estero/estero/1822954/houthi-missili-truman-usa-rosso,laregione.ch
2025-03-16 00:00:00,Dozens Killed As US Strikes Houthis - Worthy Christian News,https://www.worthynews.com/103059-dozens-killed-as-us-strikes-houthis,worthynews.com
2025-03-16 00:00:00,Death Toll In  Powerful  Airstrike Attack Ordered By Trump Revealed,https://600wmtradio.iheart.com/content/2025-03-16-death-toll-in-powerful-airstrike-attack-ordered-by-trump-revealed/,600wmtradio.iheart.com
2025-03-16 00:00:00,Charting the uncharted : The ( un ) intended consequences of oil sanctions and dark shipping,https://www.hellenicshippingnews.com/charting-the-uncharted-the-unintended-consequences-of-oil-sanctions-and-dark-shipping/,hellenicshippingnews.com
2025-03-16 00:00:00,"US - Raketen - Angriffe : Klare Warnung an Iran , 50 Tote",https://www.oe24.at/welt/weltpolitik/us-raketen-angriffe-klare-warnung-an-iran/627122557,oe24.at
2025-03-16 00:00:00,Death Toll In  Powerful  Airstrike Attack Ordered By Trump Revealed,https://newstalk1130.iheart.com/content/2025-03-16-death-toll-in-powerful-airstrike-attack-ordered-by-trump-revealed/,newstalk1130.iheart.com
2025-03-16 00:00:00,ABDnin Yemen saldırıları sonrası Husilerden Kızıldeniz kararı,https://www.haberler.com/dunya/abd-nin-yemen-saldirilari-sonrasi-husilerden-18454279-haberi/,haberler.com
2025-03-16 00:00:00,維護紅海航運安全 美重創葉門叛軍 - 軍事,https://www.chinatimes.com/realtimenews/20250317000043-260417,chinatimes.com
2025-03-16 00:00:00,US says  multiple  leaders of Iran - backed rebels dead in Yemen strikes,http://jordantimes.com/news/region/us-says-multiple-leaders-iran-backed-rebels-dead-yemen-strikes,jordantimes.com
2025-03-16 00:00:00,ABDnin Yemene yönelik saldırılarında hayatını kaybedenlerin sayısı 53  e yükseldi,http://www.haberler.com/yerel/abd-nin-yemen-deki-husilere-yonelik-saldirilarinda-olu-sayisi-53-e-yukseldi-18454314-haberi/,haberler.com
2025-03-17 00:00:00,"  Adolescencia , la gran sorpresa de Netflix",https://www.elcorreo.com/pantallas/series/adolescencia-gran-sorpresa-netflix-20250317002721-ntrc.html,elcorreo.com
2025-03-17 00:00:00,"Israel , Azerbaijan Step Up Alliance With Gas Exploration Deal",https://www.rigzone.com/news/wire/israel_azerbaijan_step_up_alliance_with_gas_exploration_deal-17-mar-2025-179947-article/,rigzone.com
2025-03-17 00:00:00,How can Israel can rebuild its economy after months of war ? ,https://www.jpost.com/opinion/article-846393,jpost.com
2025-03-17 00:00:00,"Lebanon , Syria agree on ceasefire after deadly clashes",https://www.edenmagnet.com.au/story/8919369/lebanon-syria-agree-on-ceasefire-after-deadly-clashes/?cs=14264,edenmagnet.com.au
2025-03-17 00:00:00,"Tramp ukida finansiranje Glasa Amerike , ugrožen i rad Radija Slobodna Evropa",https://www.danas.rs/svet/tramp-ukida-finansiranje-glasa-amerike-ugrozen-i-rad-radija-slobodna-evropa/,danas.rs
2025-03-17 00:00:00,السيسي يكشف الخسائر الشهرية لقناة السويس .. ويتحدث عن وضع الاقتصاد المصري,https://stepagency-sy.net/2025/03/17/%D8%A7%D9%84%D8%AE%D8%B3%D8%A7%D8%A6%D8%B1-%D8%A7%D9%84%D8%B4%D9%87%D8%B1%D9%8A%D8%A9-%D9%84%D9%82%D9%86%D8%A7%D8%A9-%D8%A7%D9%84%D8%B3%D9%88%D9%8A%D8%B3/,stepagency-sy.net
2025-03-17 00:00:00,"Moscou ainda não discute com os EUA sobre reconectar bancos à SWIFT , diz ministro russo",https://noticiabrasil.net.br/20250317/moscou-ainda-nao-discute-com-os-eua-sobre-reconectar-bancos-ao-swift-diz-ministro-russo-38861820.html,noticiabrasil.net.br
2025-03-17 00:00:00,Husi liderden ABDye tehdit : Daha ağır ve rahatsız edici misilleme uygulayacağız,https://www.ensonhaber.com/dunya/husi-liderden-abdye-tehdit-daha-agir-ve-rahatsiz-edici-misilleme-uygulayacagiz,ensonhaber.com
2025-03-17 00:00:00,Aniversario Atentado Embajada de Israel | Eyal Sela agradeció a Milei  por estar en el lado correcto de la historia  ,https://itongadol.com/argentina/aniversario-atentado-embajada-de-israel-eyal-sela-agradecio-a-milei-por-estar-en-el-lado-correcto-de-la-historia,itongadol.com
2025-03-17 00:00:00,ZH Geopolitical Week Ahead : How Trump Yemen Gambit Risks Major War With Iran,https://www.zerohedge.com/geopolitical/zh-geopolitical-week-ahead-how-trumps-yemen-gambit-risks-major-war-iran,zerohedge.com
2025-04-30 00:00:00,EE . UU . dice que ha alcanzado más de 1 . 000 objetivos hutíes en Yemen en menos de dos meses,https://puranoticia.pnt.cl/internacional/ee-uu-dice-que-ha-alcanzado-mas-de-1-000-objetivos-huties-en-yemen-en,puranoticia.pnt.cl
2025-04-30 00:00:00,Cuba reafirma apoyo a los BRICS,https://www.elciudadano.com/latinoamerica/cuba-reafirma-apoyo-a-los-brics-y-destaca-su-rol-en-la-transformacion-del-orden-mundial/04/30/,elciudadano.com
2025-04-30 00:00:00,Ways of the Qilin _ LUCKY WHEEL _ Spider information,http://www.ctgtribune.com/list_6w1uyp8/,ctgtribune.com
2025-04-30 00:00:00,Bangkok Post - South Asian nuclear war would hit globe,https://www.bangkokpost.com/opinion/opinion/3015270/south-asian-nuclear-war-would-hit-globe,bangkokpost.com
2025-04-30 00:00:00,Dill : An ancient superfood with modern healing powers – NaturalNews . com,https://www.naturalnews.com/2025-04-30-dill-ancient-superfood-with-modern-healing-powers.html,naturalnews.com
2025-04-30 00:00:00,ஈரானில் உளவு பார்த்ததாக குற்றச்சாட்டு : இஸ்ரேல் உளவாளிக்கு மரண தண்டனை,http://www.thinaboomi.com/2025/04/30/249194.html,thinaboomi.com
2025-04-30 00:00:00,U . S . Army suspected of orchestrating annual flu seasons to advance depopulation agendas – NaturalNews . com,https://www.naturalnews.com/2025-04-30-us-army-suspected-of-orchestrating-annual-flu-seasons.html,naturalnews.com
2025-04-30 00:00:00,Iran Nuclear Capabilities Fast Facts,https://kesq.com/news/national-world/cnn-world/2025/04/30/irans-nuclear-capabilities-fast-facts-4/,kesq.com
2025-04-30 00:00:00,الغياب الأوروبي .. علامة استفهام ! - الكويت الاخباري,https://www.alkhabarkw.com/saudi/38256.html,alkhabarkw.com
2025-04-30 00:00:00,Netanyahu dijo que quedan menos de 24 rehenes vivos,https://www.radiomontecarlo.com.uy/2025/04/29/internacionales/netanyahu-dijo-que-quedan-menos-de-24-rehenes-vivos/,radiomontecarlo.com.uy
2025-08-26 00:00:00,أين تتفق إسرائيل وأميركا في لبنان وسوريا وأين تختلفان ؟ ,https://www.aljazeera.net/politics/2025/8/27/%D8%A3%D9%8A%D9%86-%D8%AA%D8%AA%D9%81%D9%82-%D8%A5%D8%B3%D8%B1%D8%A7%D8%A6%D9%8A%D9%84-%D9%88%D8%A3%D9%85%D9%8A%D8%B1%D9%83%D8%A7-%D9%81%D9%8A-%D9%84%D8%A8%D9%86%D8%A7%D9%86,aljazeera.net
2025-08-26 00:00:00,"ABD : Lübnana yatırımlar , silah bırakan Hizbullah üyelerini de kapsayacak",https://tr.euronews.com/2025/08/27/abd-lubnana-yatirimlar-silah-birakan-hizbullah-uyelerini-de-kapsayacak,tr.euronews.com
2025-08-26 00:00:00,Australia expels Iranian ambassador over alleged  anti - Semitic  attacks,http://www.taiwansun.com/news/278534646/australia-expels-iranian-ambabador-over-alleged-anti-semitic-attacks,taiwansun.com
2025-08-26 00:00:00,"RNV | Radio Nacional de Venezuela C . A . es la emisora oficial del Estado venezolano . Forma parte del Sistema Bolivariano de Comunicación e Información . Conformada por las emisoras RNV Informativa 91 . 1 fm , RNV Activa 103 . 9 fm , RNV Musical 63...",https://rnv.gob.ve/prensa/?p=412338,rnv.gob.ve
2025-08-26 00:00:00,Irán manifiesta su apoyo a Venezuela tras agresiones imperiales,https://ultimasnoticias.com.ve/politica/iran-manifiesta-su-apoyo-a-venezuela-tras-agresiones-imperiales/,ultimasnoticias.com.ve
2025-08-26 00:00:00,Schiaretti cerró un acuerdo electoral con 130 intendentes radicales y del PRO,http://fenix951.com.ar/nuevo_2013/noticia.php?id=314700,fenix951.com.ar
2025-08-26 00:00:00,Exjefe del Mossad : « Yo debería ser primer ministro » ,https://itongadol.com/israel/exjefe-del-mossad-yo-deberia-ser-primer-ministro,itongadol.com
2025-08-26 00:00:00,Australia expels Iranian ambassador over alleged anti - Semitic attacks,http://www.australiannews.net/news/278534643/australia-expels-iranian-ambabador-over-alleged-anti-semitic-attacks,australiannews.net
2025-08-26 00:00:00,Disarming Hezbollah Is Finally in Lebanon Reach,https://foreignpolicy.com/2025/08/26/lebanon-hezbollah-disarmament-explosion/?tpcc=recirc_trending062921,foreignpolicy.com
2025-08-26 00:00:00,Iranian couple faces prison time after clash with ICE agents in Tempe,https://www.azfamily.com/2025/08/26/iranian-couple-faces-prison-time-after-clash-with-ice-agents-tempe/,azfamily.com
2025-08-28 00:00:00,"Missili e droni russi colpiscono Kiev al cuore . Una ventina di morti , danni anche alla sede Ue : « Uno degli attacchi più gravi dallinizio della guerra » ",https://www.corriere.it/esteri/25_agosto_28/missili-droni-russi-colpiscono-kiev-6598013a-fb3a-4aa5-8d62-381c85541xlk.shtml,corriere.it
2025-08-28 00:00:00,Castigarán con prisión a proveedores de vapeadores en Singapur,https://www.diariolibre.com/mundo/asia/2025/08/28/castigaran-con-prision-a-proveedores-de-vapeadores-en-singapur/3227057,diariolibre.com
2025-08-28 00:00:00,Grattan | Mike Burges rise as ASIO public - facing leader | Bunbury Mail,https://www.bunburymail.com.au/story/9052816/grattan-mike-burgess-rise-as-asios-public-facing-leader/,bunburymail.com.au
2025-08-28 00:00:00,Integración en la UE | Macron y Merz reactivan el eje franco - alemán por  una Europa más fuerte  ,https://www.farodevigo.es/mundo/2025/08/28/macron-merz-reactivan-eje-franco-121032443.html,farodevigo.es
2025-08-28 00:00:00,إشارات إسلامية 29 - 8 - 2025 | دين ودنيا,https://aliwaa.com.lb/%d8%a3%d9%82%d8%b3%d8%a7%d9%85-%d8%a3%d8%ae%d8%b1%d9%89/%d8%af%d9%8a%d9%86-%d8%af%d9%86%d9%8a%d8%a7/%d8%a5%d8%b4%d8%a7%d8%b1%d8%a7%d8%aa-%d8%a5%d8%b3%d9%84%d8%a7%d9%85%d9%8a%d8%a9-29-8-2025/,aliwaa.com.lb
2025-08-28 00:00:00,UN food agency chief says women and children are  starving  in Gaza and pressed Netanyahu on aid,https://www.somdnews.com/ap/world/un-food-agency-chief-says-women-and-children-are-starving-in-gaza-and-pressed-netanyahu/article_39ec4386-7181-56a4-9332-1c580044828a.html,somdnews.com
2025-08-28 00:00:00,Το Ιράν επιτίθεται στην ΕΕ για τη στάση της απέναντι στην συμφωνία για τα πυρηνικά,https://www.newsbeast.gr/world/arthro/12535362/to-iran-epitithetai-stin-ee-gia-ti-stasi-tis-apenanti-stin-symfonia-gia-ta-pyrinika,newsbeast.gr
2025-08-28 00:00:00,Grattan | Mike Burges rise as ASIO public - facing leader | The Singleton Argus,https://www.singletonargus.com.au/story/9052816/grattan-mike-burgess-rise-as-asios-public-facing-leader/,singletonargus.com.au
2025-08-28 00:00:00,闕志克觀點 ： 天人共怒的加薩悲歌 | 評論,https://www.storm.mg/article/11063587,storm.mg
2025-08-28 00:00:00,La Nación / Batalla legal en puerta : cuestionan apoyo anticipado del PLRA a candidato de Prieto,https://www.lanacion.com.py/politica/2025/08/28/batalla-legal-en-puerta-cuestionan-apoyo-anticipado-del-plra-a-candidato-de-prieto/,lanacion.com.py
2025-09-18 00:00:00,"Мужской ЧМ - 2025 по волейболу , итоги группового этапа , кто вышел в плей - офф , громкие сенсации и турнирная сетка",https://www.championat.com/volleyball/article-6168128-muzhskoj-chm-2025-po-volejbolu-itogi-gruppovogo-etapa-kto-vyshel-v-plej-off-gromkie-sensacii-i-turnirnaya-setka.html,championat.com
2025-09-18 00:00:00,Siria . Suweida : la nuova prova per il post - Assad | Notizie Geopolitiche,https://www.notiziegeopolitiche.net/siria-suweida-la-nuova-prova-per-il-post-assad/,notiziegeopolitiche.net
2025-09-18 00:00:00,LIVE MIDDEN - OOSTEN . Trump kondigt  volledig en totaal staakt - het - vuren  aan tussen Iran en Israël - Toch opnieuw explosies in Teheran en Tel Aviv,https://www.gva.be/buitenland/live-midden-oosten.-amerika-stemt-als-enige-tegen-gaza-resolutie-tijdens-vn-veiligheidsraad/76854338.html,gva.be
2025-09-18 00:00:00,Ýsraile dron saldýrýsý,https://www.yenimesaj.com.tr/israile-dron-saldirisi-H1583938.htm,yenimesaj.com.tr
2025-09-18 00:00:00,Disinformation about killing seeks to widen divisions,https://richmond.com/news/nation-world/government-politics/article_7c12de83-2f25-5ba5-b0f7-e3b5c299b6e8.html,richmond.com
2025-09-18 00:00:00,UN Security Council votes on reimposing Iran nuclear sanctions,https://www.suncommercial.com/brazil_times/news/national/article_fa437bfc-31db-536c-92a1-0ae1da20ae25.html,suncommercial.com
2025-09-18 00:00:00,Business News Hindi : ईरान की चाबहार बंदरगाह पर प्रतिबंध लगाएगा अमेरिका,https://www.aajsamaaj.com/america-will-impose-sanctions-on-irans-chabahar-port/,aajsamaaj.com
2025-09-18 00:00:00,Komisyonu karıştıran Mehmet Beşir Şimşek kimdir ? ,https://www.haberhurriyeti.com/haber/26315041/komisyonu-karistiran-mehmet-besir-simsek-kimdir,haberhurriyeti.com
2025-09-18 00:00:00,Arábia Saudita e Paquistão firmam pacto de defesa e sauditas viram  potência nuclear  | Tribuna Online,https://tribunaonline.com.br/internacional/arabia-saudita-e-paquistao-firmam-pacto-de-defesa-e-sauditas-viram-potencia-nuclear-275384,tribunaonline.com.br
2025-09-18 00:00:00,LIran ritira la risoluzione AIEA che proibiva attacchi agli impianti nucleari,https://www.laregione.ch/estero/estero/1869181/risoluzione-iran-aiea-attacchi-impianti,laregione.ch
2025-09-20 00:00:00,ＩＡＥＡとの協力 、 再停止を示唆 イラン 、 国連制裁巡り｜全国のニュース｜北國新聞,https://www.hokkoku.co.jp/articles/-/1873573,hokkoku.co.jp
2025-09-20 00:00:00,Irán advierte que suspenderá cooperación con organismo nuclear de la ONU si se restablecen sanciones,https://www.eluniversal.com.mx/mundo/iran-advierte-que-suspendera-cooperacion-con-organismo-nuclear-de-la-onu-si-se-restablecen-sanciones/,eluniversal.com.mx
2025-09-20 00:00:00,"Vietnam gana Intervisión , la alternativa rusa a Eurovisión",https://www.canarias7.es/cultura/vietnam-gana-intervision-alternativa-rusa-eurovision-20250921011525-ntrc.html,canarias7.es
2025-09-20 00:00:00,ＩＡＥＡとの協力 、 再停止を示唆 イラン 、 国連制裁巡り｜山形新聞,http://yamagata-np.jp/news_core/index_pr.php?kate=Main&no=2025092101000123,yamagata-np.jp
2025-09-20 00:00:00,"Hamnet , Sinners and Christy : 12 films to look out for in the Oscars race",https://www.bbc.com/news/articles/cd9y7qx7gqno,bbc.com
2025-09-20 00:00:00,ＩＡＥＡとの協力 、 再停止を示唆 イラン 、 国連制裁巡り｜全国のニュース｜Web東奥,https://www.toonippo.co.jp/articles/-/2114039,toonippo.co.jp
2025-09-20 00:00:00,ＩＡＥＡとの協力 、 再停止を示唆 イラン 、 国連制裁巡り ： 中日新聞Web,https://www.chunichi.co.jp:443/article/1136406,chunichi.co.jp
2025-09-20 00:00:00, ¿ Para qué se reunirán Javier Milei y Donald Trump esta semana ? ,https://www.eldiario.ec/mundo/el-presidente-de-argetina-javier-milei-se-reunira-con-donald-trump-en-estados-unidos-20092025/,eldiario.ec
2025-09-20 00:00:00,Press could lose Pentagon access for releasing  unauthorised information  ,https://www.bbc.com/news/articles/cwywwjevprwo,bbc.com
2025-09-20 00:00:00,ब्लूचिस्तानः पाक - चीन को झटका,https://www.punjabkesari.com/editorial/balochistan-a-setback-for-pakistan-and-china/,punjabkesari.com
2025-09-23 00:00:00,Khamenei says Iran will not bow to US nuclear demands,https://www.thenews.com.pk/latest/1345885-khamenei-says-iran-will-not-bow-to-us-nuclear-demands,thenews.com.pk
2025-09-23 00:00:00,Pipeline Fix Brings Gas Prices Down,https://z100portland.iheart.com/content/2025-09-23-pipeline-fix-brings-gas-prices-down/,z100portland.iheart.com
2025-09-23 00:00:00,"La OCDE mejora la previsión al 2 , 6 % pero alerta de la pérdida salarial de los españoles",https://www.lasprovincias.es/economia/ocde-mejora-prevision-alerta-perdida-salarial-espanoles-20250923110147-ntrc.html,lasprovincias.es
2025-09-23 00:00:00,Juan Grabois criticó el préstamo de Trump a la Argentina e insinuó que Milei y Karina irán presos,https://www.contextotucuman.com/nota/360702/juan-grabois-critico-el-prestamo-de-trump-a-la-argentina-e-insinuo-que-milei-y-karina-iran-presos.html,contextotucuman.com
2025-09-23 00:00:00,冯振豪 ： 世道眼花历乱 ， 中国也不好受 | 名家 | 评论,https://www.orientaldaily.com.my/news/mingjia/2025/09/24/763513,orientaldaily.com.my
2025-09-23 00:00:00,Bahçeliden  Kudüs Paktı  için çağrı : Derhal hayata geçirilmeli - Haber Ekspres - İzmir Haberleri - Son Dakika Haberleri,https://www.haberekspres.com.tr/bahceliden-kudus-pakti-icin-cagri-derhal-hayata-gecirilmeli,haberekspres.com.tr
2025-09-23 00:00:00,Lorenzoni : DNA autoritário do PT e hipertrofia do Judiciário,https://www.gazetadopovo.com.br/vozes/entrelinhas/ex-ministro-de-bolsonaro-lorenzoni-analisa-dna-autoritario-do-pt-hipertrofia-do-judiciario-e-congresso-acovardado/,gazetadopovo.com.br
2025-09-23 00:00:00,Трамп на Генералното собрание на ОН побара запирање на војната во Газа,https://sitel.com.mk/tramp-na-generalnoto-sobranie-na-pobara-zapiranje-na-vojnata-vo-gaza,sitel.com.mk
2025-09-23 00:00:00,Europe Assails Iran  Delaying Tactic As Snapback Deadline Nears,https://www.rferl.org/a/iran-nuclear-europe-e3-jcpoa-kallas-khamenei/33538933.html,rferl.org
2025-09-23 00:00:00,1000 человек были казнены в Иране за девять месяцев 2025 года – Iran Human Rights ( IHRNGO ) ,https://www.obozrevatel.com/novosti-mir/v-irane-s-nachala-goda-kaznili-po-menshej-mere-tyisyachu-chelovek-pravozaschitniki-byut-trevogu.htm,obozrevatel.com
